Distance_mm,Distance_pct,Sweep1_Mean_V,Sweep1_Std_mV,Sweep2_Mean_V,Sweep2_Std_mV,Sweep3_Mean_V,Sweep3_Std_mV,Mean_V,Mean_mV,Consensus_Mean_V,Consensus_Mean_mV,Across_Sweep_Std_mV,Pooled_SEM_mV,Max_Delta_mV
0,0,0,0,0,0,0,0,0,0,0,0,0,0,0
5,8.33333333333333,0.0471744775859064,2.03017651683415,0.0692576475376486,2.14209039642934,0.0970154846211965,2.28271520252102,0.0711492032482505,71.1492032482505,0.0711492032482505,71.1492032482505,24.9742864328031,14.4189109947977,49.84100703529
10,16.6666666666667,0.370450400604692,2.70817494679154,0.365117751032032,2.67327269141574,0.360342373393817,2.74409434275866,0.365303508343514,365.303508343514,0.365303508343514,365.303508343514,5.05657323273605,2.91941391709722,10.1080272108748
15,25,0.686044090935519,2.7630842836877,0.667725442176858,2.71075076076199,0.681729026106199,2.77496366743983,0.678499519739525,678.499519739525,0.678499519739525,678.499519739525,9.57682132103805,5.52918036768227,18.3186487586612
20,33.3333333333333,0.970842846677139,2.75621862965092,0.9979075411361,2.79083786939929,0.995905757311543,2.76420331120393,0.988218715041594,988.218715041594,0.988218715041594,988.218715041594,15.081193112092,8.70713090296704,27.0646944589607
25,41.6666666666667,1.27685331705332,2.79965078296336,1.27898061050057,2.82758185198855,1.29328159544159,2.76908630250966,1.28303850766516,1283.03850766516,1.28303850766516,1283.03850766516,8.93431473306077,5.15822901615748,16.4282783882652
30,50,1.57903275074126,2.82375500508224,1.60162376649798,2.84528212730312,1.5894981964067,2.77352373916024,1.59005157121531,1590.05157121531,1.59005157121531,1590.05157121531,11.3056696391358,6.52733140952403,22.5910157567268
35,58.3333333333333,1.87325711029712,2.79299404532563,1.88990849700554,2.80010423533514,1.88083286702713,2.84254379722798,1.8813328247766,1881.3328247766,1.8813328247766,1881.3328247766,8.33694417288645,4.81333696243487,16.6513867084261
40,66.6666666666667,2.19791896040469,2.83073680080833,2.15947540903535,2.81939274861992,2.21317127042272,2.83285769290724,2.19018854662092,2190.18854662092,2.19018854662092,2190.18854662092,27.6700353357941,15.9753023496072,53.6958613873703
45,75,2.49860844700275,2.86289641042483,2.49654142682699,2.84826189335796,2.4870138752255,2.86055081239982,2.49405458301841,2494.05458301841,2.49405458301841,2494.05458301841,6.18440116507865,3.5705656774348,11.5945717772474
50,83.3333333333333,2.75791982091986,2.84782800072626,2.81170158962737,2.78234973155402,2.76629724286301,2.77035481409294,2.77863955113674,2778.63955113674,2.77863955113674,2778.63955113674,28.9373304136711,16.7069755039622,53.7817687075094
55,91.6666666666667,3.10922790627364,2.46021135986417,3.11493099598819,2.44922193335161,3.10003671841387,2.47853969671323,3.1080652068919,3108.0652068919,3.1080652068919,3108.0652068919,7.51490375882429,4.33873170809133,14.8942775743126
60,100,3.29624857724286,2.02943507460293,3.29657394034531,1.97783288960417,3.29609167742311,2.04561745021141,3.29630473167043,3296.30473167043,3.29630473167043,3296.30473167043,0.245986526735192,0.142020387427584,0.482262922205337
