Distance_mm,Distance_pct,Sweep1_Mean_V,Sweep1_Std_mV,Sweep2_Mean_V,Sweep2_Std_mV,Sweep3_Mean_V,Sweep3_Std_mV,Mean_V,Mean_mV,Consensus_Mean_V,Consensus_Mean_mV,Across_Sweep_Std_mV,Pooled_SEM_mV,Max_Delta_mV,OLS_Fit_V,Residual_Mean_V,Residual_Mean_pctFS
0,0,0,0,0,0,0,0,0,0,0,0,0,0,0,0.490136148601942,-0.490136148601942,-14.8624234828572
5,5,0,0,0,0,0,0,0,0,0,0,0,0,0,0.664208744277137,-0.664208744277137,-20.1408356976357
10,10,0.131112529798249,2.61739699665954,0.151349945927092,2.69492712037386,0.0659005849177296,2.42327832737228,0.116121020214357,116.121020214357,0.116121020214357,116.121020214357,44.6537494946398,25.7808542910564,85.4493610093628,0.838281339952332,-0.722160319737975,-21.8981042819963
15,15,0.61004248851674,3.06931119415766,0.627143596720721,2.97584499375484,0.61814208035353,2.95468345272327,0.618442721863663,618.442721863663,0.618442721863663,618.442721863663,8.55451719498389,4.93895280531123,17.1011082039806,1.01235393562753,-0.393911213763864,-11.9445898661098
20,20,1.03428200011629,2.96232629277559,1.04720524449097,3.15157458968288,1.01659911157618,2.97512318870964,1.03269545206115,1032.69545206115,1.03269545206115,1032.69545206115,15.3646247610535,8.87077024179185,30.6061329147943,1.18642653130272,-0.153731079241576,-4.66159537239228
25,25,1.49330809233091,2.9647580737277,1.48555164370024,3.07022688703967,1.47929754985761,2.98811004363032,1.48605242862959,1486.05242862959,1.48605242862959,1486.05242862959,7.01868322822366,4.05223865117164,14.0105424733022,1.36049912697792,0.125553301651669,3.80715918248563
30,30,1.87762096168385,3.00885015690423,1.88772609802896,3.04732552073417,1.89976724460725,2.99405818315026,1.88837143477335,1888.37143477335,1.88837143477335,1888.37143477335,11.0872361960061,6.40121880233311,22.1462829233967,1.53457172265311,0.35379971212024,10.7282867518398
35,35,2.2909437455666,3.06034501860733,2.33684984940984,3.07904164087987,2.28603037385891,2.99188494908028,2.30460798961178,2304.60798961178,2.30460798961178,2304.60798961178,28.0301346377911,16.1832057785501,50.8194755509326,1.70864431832831,0.595963671283477,18.0714368615298
40,40,2.6794541519854,2.95203604343932,2.68282566893432,3.03857994127851,2.69111037851056,3.01114236382059,2.68446339981009,2684.46339981009,2.68446339981009,2684.46339981009,5.99821023452641,3.46306829355979,11.6562265251637,1.8827169140035,0.801746485806589,24.3113996630097
45,45,2.74635556485848,3.01880906194063,2.75085476649066,3.11009682152112,2.75101269841285,2.98897275260042,2.74940767658733,2749.40767658733,2.74940767658733,2749.40767658733,2.64438558592663,1.52673672987591,4.65713355437538,2.0567895096787,0.692618166908633,21.0022960719768
50,50,2.81627808593511,2.9883144277661,2.81318864585155,3.06400410722668,2.80818824117659,2.9992955189724,2.81255165765442,2812.55165765442,2.81255165765442,2812.55165765442,4.08236604516052,2.35695513510401,8.08984475851412,2.23086210535389,0.581689552300523,17.6386020221194
55,55,2.8717244816559,2.9666495287684,2.87221324263045,3.03892626117883,2.87262620152347,2.93890560094567,2.87218797526994,2872.18797526994,2.87218797526994,2872.18797526994,0.451390639604703,0.260610507285453,0.901719867569682,2.40493470102909,0.46725327424085,14.1685449141582
60,60,2.93433756381202,2.94015755895658,2.93178290830859,2.9948847537019,2.93202407814407,2.94268838628614,2.93271485008823,2932.71485008823,2.93271485008823,2932.71485008823,1.41047530798529,0.814338298750629,2.55465550343752,2.57900729670428,0.353707553383943,10.7254922177692
65,65,2.99010850398261,2.84929074611859,2.98931423222273,2.89369179241798,2.98817520553532,2.84599655989305,2.98919931391356,2989.19931391356,2.98919931391356,2989.19931391356,0.971758912956741,0.561045269982993,1.93329844728942,2.75307989237948,0.236119421534077,7.15986128625004
70,70,3.0473164602594,2.81167926696456,3.04320114657818,2.8065339623257,3.03840711901853,2.79532887746502,3.0429749086187,3042.97490861871,3.0429749086187,3042.97490861871,4.45897724229625,2.57439171115015,8.9093412408738,2.92715248805467,0.115822420564031,3.5120891779607
75,75,3.09717094947374,2.7130841708363,3.09697649398215,2.77723247628179,3.09644403744398,2.69494246262591,3.09686382696662,3096.86382696662,3.09686382696662,3096.86382696662,0.376325214464679,0.217271463874026,0.726912029756932,3.10122508372987,-0.0043612567632465,-0.132246611717445
80,80,3.15454882725739,2.53946841584877,3.15817624978194,2.57348184694135,3.15416774463631,2.51997245939641,3.15563094055855,3155.63094055855,3.15563094055855,3155.63094055855,2.21252237797284,1.27740039051069,4.00850514562399,3.27529767940506,-0.119666738846518,-3.62866063770752
85,85,3.20816016280009,2.28288486008865,3.21308338391758,2.21756881507645,3.20608063259486,2.25102175546631,3.20910805977084,3209.10805977084,3.20910805977084,3209.10805977084,3.59631937157292,2.07633595726949,7.00275132272463,3.44937027508026,-0.240262215309417,-7.28548343362046
90,90,3.25999162044288,1.78613251350229,3.26314693644999,1.75135741744948,3.26030455026435,1.72152792713798,3.26114770238574,3261.14770238574,3.26114770238574,3261.14770238574,1.73844295305607,1.00369050691773,3.15531600710574,3.62344287075546,-0.362295168369714,-10.9858949058597
95,95,3.29821953369354,1.34411097963017,3.29743997209118,1.64688522118137,3.29756553287958,1.57977179221616,3.29774167955476,3297.74167955477,3.29774167955476,3297.74167955477,0.418568765380851,0.241660789367003,0.779561602356807,3.79751546643065,-0.499773786875886,-15.1546660807773
100,100,3.29827916739328,1.70889806245535,3.29752651898349,1.85904278483543,3.29765783592049,1.81259782143053,3.29782117409909,3297.82117409909,3.29782117409909,3297.82117409909,0.402031625161912,0.232113067009973,0.752648409790709,3.97158806210585,-0.673766888006755,-20.4306677784255
