File,Mass_kg,Run,A0_mean,V_mean,V_std,V_sem,N,Mass_pred_kg,Err_kg,Err_pctFS,Force_N,Step
0kg_1.mat,0,1,779.184822650247,0.627914509095438,0.00791489905799271,8.12008773064731e-05,9501,-0.00132844184316985,-0.00132844184316985,-0.0132844184316985,-0.0130320144814962,0
0.988kg_1.mat,0.988,1,1075.07725502579,0.866362623097701,0.00793430730633726,8.13999912536015e-05,9501,1.0035299416166,0.0155299416165966,0.155299416165966,9.84462872725881,1
2kg_1.mat,2,1,1368.49584254289,1.10281716248878,0.00815645244688918,8.36790323594978e-05,9501,1.99998708370154,-1.29162984634501e-05,-0.000129162984634501,19.6198732911121,2
3.016kg_1.mat,3.016,1,1674.82159772656,1.349673082417,0.0091428604668015,9.37988324999856e-05,9501,3.04027730232828,0.0242773023282794,0.242773023282794,29.8251203358404,3
3.996kg_1.mat,3.996,1,1966.27944426902,1.58454753750617,0.00799985050297603,8.20724148725944e-05,9501,4.03007571715094,0.0340757171509378,0.340757171509378,39.5350427852507,4
4.992kg_1.mat,4.992,1,2258.12809177981,1.8197369237786,0.00803350717184993,8.24177068364905e-05,9501,5.02120130220953,0.0292013022095299,0.292013022095299,49.2579847746755,5
5.984kg_1.mat,5.984,1,2557.88864330071,2.06130220339251,0.00827688275576781,8.49145562320807e-05,9501,6.03919591872612,0.0551959187261222,0.551959187261222,59.2445119627033,6
6.914kg_1.mat,6.914,1,2830.59446374066,2.28106513561519,0.00919909925523124,9.4375799928842e-05,9501,6.96531196599149,0.0513119659914949,0.513119659914949,68.3297103863766,7
7.912kg_1.mat,7.912,1,3118.26007788654,2.51288357924923,0.00808821929005836,8.2979011783688e-05,9501,7.94223186112665,0.030231861126655,0.30231861126655,77.9132945576525,8
8.883kg_1.mat,8.883,1,3405.55555555556,2.74440374440374,0.00937962422247422,0.000110539931544885,7200,8.91789476317539,0.0348947631753926,0.348947631753926,87.4845476267506,9
9.838kg_1.mat,9.838,1,3673.93821702979,2.96068281225843,0.0083627793313365,8.57957901230874e-05,9501,9.82932925033845,-0.00867074966155101,-0.0867074966155101,96.4257199458202,10
0kg_2.mat,0,2,780.066414061678,0.628624949060692,0.00737784958402712,7.56911559413032e-05,9501,0.00166546548135522,0.00166546548135522,0.0166546548135522,0.0163382163720947,0
0.996kg_2.mat,0.996,2,1076.0351541943,0.867134556493565,0.00693324435611018,7.11298426134418e-05,9501,1.00678299206555,0.0107829920655473,0.107829920655473,9.87654115216302,1
1.975kg_2.mat,1.975,2,1364.04262709189,1.09922849069676,0.00773874514229972,7.93936713787112e-05,9501,1.98486384839819,0.00986384839818699,0.0986384839818699,19.4715143527862,2
2.990kg_2.mat,2.99,2,1664.51784022734,1.3413696880953,0.00740857070910536,7.60063314463749e-05,9501,3.00528547431467,0.0152854743146675,0.152854743146675,29.4818505030269,3
4.003kg_2.mat,4.003,2,1959.59741079886,1.57916274862912,0.00833390871318561,8.54995994193203e-05,9501,4.00738335798129,0.00438335798128975,0.0438335798128975,39.3124307417965,4
4.991kg_2.mat,4.991,2,2262.51405115251,1.82327139653315,0.00872565839497507,8.9518654825177e-05,9501,5.03609613412458,0.0450961341245852,0.450961341245852,49.4041030757622,5
5.962kg_2.mat,5.962,2,2538.15240501,2.0453975424989,0.00778880784723437,7.99072768626527e-05,9501,5.97217114102177,0.0101711410217726,0.101711410217726,58.5869988934236,6
6.961kg_2.mat,6.961,2,2839.53331228292,2.28826860330491,0.00758145415054479,7.77799847821642e-05,9501,6.99566852774621,0.0346685277462075,0.346685277462075,68.6275082571903,7
7.891kg_2.mat,7.891,2,3111.5284706873,2.50745884084691,0.00779391515842417,7.99596740121616e-05,9501,7.91937114828581,0.0283711482858138,0.283711482858138,77.6890309646838,8
8.886kg_2.mat,8.886,2,3405.60846226713,2.74444637984896,0.00797814398995757,8.18497224683768e-05,9501,8.91807443574166,0.0320744357416594,0.320744357416594,87.4863102146257,9
9.841kg_2.mat,9.841,2,3685.33501736659,2.96986704696209,0.00839673923454041,8.61441930418354e-05,9501,9.86803308021041,0.027033080210412,0.27033080210412,96.8054045168641,10
0kg_3.mat,0,3,772.74255341543,0.622722936818294,0.00776652280009499,7.96786491359724e-05,9501,-0.023206555443916,-0.023206555443916,-0.23206555443916,-0.227656308904816,0
0.996kg_3.mat,0.996,3,1066.37385538364,0.859348894448359,0.00857092558810371,8.793121327046e-05,9501,0.973972970440314,-0.0220270295596865,-0.220270295596865,9.55467484001948,1
1.988kg_3.mat,1.988,3,1359.22029260078,1.09534236033762,0.0078137487477589,8.01631516361105e-05,9501,1.96848707525014,-0.0195129247498558,-0.195129247498558,19.3108582082039,2
2.918kg_3.mat,2.918,3,1627.06367750763,1.31118684634315,0.00753761375914394,7.73302155283652e-05,9501,2.8780901651876,-0.0399098348124021,-0.399098348124021,28.2340645204903,3
3.896kg_3.mat,3.896,3,1912.23481738764,1.5409950909351,0.00741588826695593,7.60814040547371e-05,9501,3.84653876094458,-0.0494612390554234,-0.494612390554234,37.7345452448663,4
4.895kg_3.mat,4.895,3,2206.20787285549,1.77789645431578,0.00658601040016145,6.75674848818973e-05,9501,4.84487889058749,-0.0501211094125127,-0.501211094125127,47.5282619166632,5
5.908kg_3.mat,5.908,3,2506.4141669298,2.01982094038299,0.00676151744321816,6.93680543857217e-05,9501,5.86438726038957,-0.0436127396104284,-0.436127396104284,57.5296390244217,6
6.879kg_3.mat,6.879,3,2790.37722345016,2.24865563794518,0.00692956462247578,7.10920913297958e-05,9501,6.82873317368822,-0.050266826311776,-0.50266826311776,66.9898724338815,7
7.867kg_3.mat,7.867,3,3086.0663088096,2.48693988255719,0.00726309930189506,7.45139048466251e-05,9501,7.83290098540124,-0.0340990145987554,-0.340990145987554,76.8407586667862,8
8.883kg_3.mat,8.883,3,3374.8243342806,2.71963865766204,0.00731725822212784,7.50695344010452e-05,9501,8.813530737762,-0.0694692622380035,-0.694692622380035,86.4607365374452,9
9.838kg_3.mat,9.838,3,3652.2231344069,2.94318347827662,0.00737857161625762,7.56985634458248e-05,9501,9.75558426589953,-0.082415734100465,-0.82415734100465,95.7022816484744,10
