Run,Mass_scale_kg,F_scale_N,F_model_N,F_model_std_N,m_model_kg,Err_N,Err_pctFS
1,0,0,-0.00783940860197101,0.103705138772558,-0.000799124220384403,-0.00783940860197101,-0.00799124220384405
1,0.988,9.69228,9.84906624576189,0.0599435620222889,1.00398228804912,0.156786245761889,0.159822880491223
1,2,19.62,19.6156979700509,0.0821552922426818,1.99956146483699,-0.00430202994912676,-0.00438535163009864
1,3.016,29.58696,29.8370102000413,0.125274198632155,3.04148931702766,0.250050200041301,0.254893170276555
1,3.996,39.20076,39.5368020934067,0.085136598549947,4.03025505539315,0.336042093406746,0.342550553931444
1,4.992,48.97152,49.2618000144424,0.071901765665141,5.02159021553949,0.290280014442445,0.295902155394949
1,5.984,58.70304,59.2425661441191,0.0767818442933216,6.03899756820786,0.539526144119058,0.549975682078551
1,6.914,67.82634,68.3388964365236,0.137460368057551,6.96624836254062,0.512556436523582,0.522483625406301
1,7.912,77.61672,77.9180371874165,0.0713125866027268,7.94271530962452,0.301317187416487,0.307153096245145
1,8.883,87.14223,87.4886989246876,0.155997212346426,8.91831793319955,0.346468924687557,0.35317933199547
1,9.838,96.51078,96.4310990354404,0.139876370203438,9.82987757751687,-0.0796809645595715,-0.0812242248313675
2,0,0,0.0133950415345243,0.0848564063614851,0.00136544765897291,0.0133950415345243,0.0136544765897291
2,0.996,9.77076,9.87146109178597,0.0576160104940596,1.00626514697105,0.100701091785972,0.102651469710471
2,1.975,19.37475,19.4664005048715,0.0915346589466929,1.98434255911025,0.091650504871513,0.0934255911024598
2,2.99,29.3319,29.4791720372259,0.0683578722860518,3.00501244008418,0.147272037225854,0.150124400841849
2,4.003,39.26943,39.3121028872391,0.1396650053941,4.00734993753712,0.0426728872391422,0.0434993753711949
2,4.991,48.96171,49.4049652743172,0.129357614219567,5.03618402388555,0.443255274317245,0.4518402388555
2,5.962,58.48722,58.5938955006637,0.080633852255891,5.97287415908906,0.106675500663719,0.108741590890642
2,6.961,68.28741,68.6313960482764,0.111064599904681,6.99606483672541,0.343986048276406,0.350648367254237
2,7.891,77.41071,77.6873498358272,0.101866975945087,7.91919977939116,0.276639835827226,0.281997793911545
2,8.886,87.17166,87.4820425714735,0.0939750269311325,8.91763940585866,0.310382571473511,0.316394058586657
2,9.841,96.54021,96.8029799921907,0.116388424410831,9.86778593192565,0.262769992190741,0.267859319256616
3,0,0,-0.22310195777379,0.0664429132616735,-0.0227422994672569,-0.22310195777379,-0.227422994672569
3,0.996,9.77076,9.55467139894395,0.100730157144554,0.973972619668088,-0.216088601056054,-0.220273803319117
3,1.988,19.50228,19.3138351676758,0.0948603294051398,1.96879053697001,-0.188444832324191,-0.192094630299888
3,2.918,28.62558,28.2331194312789,0.0563289674166963,2.87799382581844,-0.392460568721141,-0.400061741815638
3,3.896,38.21976,37.7383627328001,0.0522529672332098,3.84692790344548,-0.48139726719991,-0.49072096554527
3,4.895,48.01995,47.526521705447,0.0671806090012195,4.8447014990262,-0.493428294553013,-0.502985009738036
3,5.908,57.95748,57.532256533512,0.0358224682052206,5.86465408088807,-0.425223466488021,-0.433459191119287
3,6.879,67.48299,66.9876346472954,0.0501274459770966,6.82850506088638,-0.495355352704649,-0.504949391136238
3,7.867,77.17527,76.8434868815836,0.0651120050567809,7.83317909088516,-0.331783118416396,-0.338209091148212
3,8.883,87.14223,86.4613232193932,0.0565423567248797,8.81359054224193,-0.68090678060679,-0.694094577580826
3,9.838,96.51078,95.6946603889468,0.0728094719571863,9.75480737909752,-0.81611961105321,-0.831926209024679
