Encoder,Target_deg,Run,Counts,Measured_deg,Error_deg,MovedLast05s_deg,Settled
AMT103-V,0,1,0,0,0,0,1
AMT103-V,0,3,0,0,0,0,1
AMT103-V,45,1,1069,46.9775390625,1.9775390625,0,1
AMT103-V,45,2,1071,47.0654296875,2.0654296875,0.0439453125,1
AMT103-V,45,3,1064,46.7578125,1.7578125,0.0439453125,1
AMT103-V,90,1,2064,90.703125,0.703125,0.0439453125,1
AMT103-V,90,2,2056,90.3515625,0.3515625,0,1
AMT103-V,90,3,2045,89.8681640625,-0.1318359375,0,1
AMT103-V,135,1,3095,136.0107421875,1.0107421875,0.2197265625,1
AMT103-V,135,2,3072,135,0,0.0439453125,1
AMT103-V,135,3,3079,135.3076171875,0.3076171875,0,1
AMT103-V,180,1,4152,182.4609375,2.4609375,3.9990234375,0
AMT103-V,180,2,4105,180.3955078125,0.3955078125,0,1
AMT103-V,180,3,4135,181.7138671875,1.7138671875,0.263671875,1
AMT103-V,225,1,5080,223.2421875,-1.7578125,0,1
AMT103-V,225,2,5120,225,0,0.0439453125,1
AMT103-V,225,3,5160,226.7578125,1.7578125,0,1
AMT103-V,270,1,6193,272.1533203125,2.1533203125,0.1318359375,1
AMT103-V,270,2,6201,272.5048828125,2.5048828125,0.263671875,1
AMT103-V,270,3,6129,269.3408203125,-0.6591796875,0.2197265625,1
AMT103-V,315,1,7220,317.28515625,2.28515625,0.2197265625,1
AMT103-V,315,2,7193,316.0986328125,1.0986328125,0.0439453125,1
AMT103-V,315,3,7227,317.5927734375,2.5927734375,0.4833984375,1
AMT103-V,360,1,8236,361.93359375,1.93359375,0,1
AMT103-V,360,2,8305,364.9658203125,4.9658203125,0.17578125,1
AMT103-V,360,3,8185,359.6923828125,-0.3076171875,0.8349609375,0
Bourns PEC11R,0,1,0,0,0,0,1
Bourns PEC11R,0,2,0,0,0,0,1
Bourns PEC11R,0,3,0,0,0,0,1
Bourns PEC11R,15,1,4,15,0,0,1
Bourns PEC11R,15,2,4,15,0,0,1
Bourns PEC11R,15,3,4,15,0,0,1
Bourns PEC11R,30,1,8,30,0,0,1
Bourns PEC11R,30,2,8,30,0,0,1
Bourns PEC11R,30,3,8,30,0,0,1
Bourns PEC11R,45,1,12,45,0,0,1
Bourns PEC11R,45,2,12,45,0,0,1
Bourns PEC11R,45,3,12,45,0,0,1
Bourns PEC11R,60,1,16,60,0,0,1
Bourns PEC11R,60,2,16,60,0,0,1
Bourns PEC11R,60,3,16,60,0,0,1
Bourns PEC11R,75,1,20,75,0,0,1
Bourns PEC11R,75,2,20,75,0,0,1
Bourns PEC11R,75,3,20,75,0,0,1
Bourns PEC11R,90,1,24,90,0,0,1
Bourns PEC11R,90,2,24,90,0,0,1
Bourns PEC11R,90,3,24,90,0,0,1
Bourns PEC11R,105,1,28,105,0,0,1
Bourns PEC11R,105,2,28,105,0,0,1
Bourns PEC11R,105,3,28,105,0,0,1
Bourns PEC11R,120,1,32,120,0,0,1
Bourns PEC11R,120,2,32,120,0,0,1
Bourns PEC11R,120,3,32,120,0,0,1
Bourns PEC11R,135,1,36,135,0,0,1
Bourns PEC11R,135,2,36,135,0,0,1
Bourns PEC11R,135,3,36,135,0,0,1
Bourns PEC11R,150,1,40,150,0,0,1
Bourns PEC11R,150,2,40,150,0,0,1
Bourns PEC11R,150,3,40,150,0,0,1
Bourns PEC11R,165,1,44,165,0,0,1
Bourns PEC11R,165,2,44,165,0,0,1
Bourns PEC11R,165,3,44,165,0,0,1
Bourns PEC11R,180,1,48,180,0,0,1
Bourns PEC11R,180,2,48,180,0,0,1
Bourns PEC11R,180,3,48,180,0,0,1
Bourns PEC11R,195,1,52,195,0,0,1
Bourns PEC11R,195,2,52,195,0,0,1
Bourns PEC11R,195,3,52,195,0,0,1
Bourns PEC11R,210,1,56,210,0,0,1
Bourns PEC11R,210,2,56,210,0,0,1
Bourns PEC11R,210,3,56,210,0,0,1
Bourns PEC11R,225,1,60,225,0,0,1
Bourns PEC11R,225,2,60,225,0,0,1
Bourns PEC11R,225,3,60,225,0,0,1
Bourns PEC11R,240,1,64,240,0,0,1
Bourns PEC11R,240,2,64,240,0,0,1
Bourns PEC11R,240,3,64,240,0,0,1
Bourns PEC11R,255,1,68,255,0,0,1
Bourns PEC11R,255,2,68,255,0,0,1
Bourns PEC11R,255,3,68,255,0,0,1
Bourns PEC11R,270,1,72,270,0,0,1
Bourns PEC11R,270,2,72,270,0,0,1
Bourns PEC11R,270,3,72,270,0,0,1
Bourns PEC11R,285,1,76,285,0,0,1
Bourns PEC11R,285,2,76,285,0,0,1
Bourns PEC11R,285,3,76,285,0,0,1
Bourns PEC11R,300,1,80,300,0,0,1
Bourns PEC11R,300,2,80,300,0,0,1
Bourns PEC11R,300,3,80,300,0,0,1
Bourns PEC11R,315,1,84,315,0,0,1
Bourns PEC11R,315,2,84,315,0,0,1
Bourns PEC11R,315,3,84,315,0,0,1
Bourns PEC11R,330,1,88,330,0,0,1
Bourns PEC11R,330,2,88,330,0,0,1
Bourns PEC11R,330,3,88,330,0,0,1
Bourns PEC11R,345,1,92,345,0,0,1
Bourns PEC11R,345,2,92,345,0,0,1
Bourns PEC11R,345,3,92,345,0,0,1
Bourns PEC11R,360,1,96,360,0,0,1
Bourns PEC11R,360,2,96,360,0,0,1
Bourns PEC11R,360,3,96,360,0,0,1
