Distance_cm,B_North_mT,B_North_Sh_mT,dB_North_mT,Reduction_North_pct,B_South_mT,B_South_Sh_mT,dB_South_mT,Reduction_South_pct,AllInsideVL
0.1,-53.0140010612573,-52.8738383496034,0.140162711653939,0.26438810285604,53.6137431762878,53.6102117720091,0.00353140427879831,0.00658675195870333,0
0.3,-52.870551336964,-52.7621568388656,0.108394498098356,0.205018664185127,53.61878215142,53.6143406787276,0.00444147269246666,0.00828342702735002,0
0.5,-52.6949325219165,-52.6002181522181,0.0947143696983664,0.179740945031049,53.6330090767532,53.6091275694385,0.0238815073147331,0.0445276290214423,0
0.7,-52.5509853156836,-46.9373094818174,5.61367583386617,10.6823417299291,53.6190757860632,49.5272571971235,4.09181858893973,7.63127399895111,0
0.9,-41.7953180482069,-32.2461906580379,9.54912739016899,22.8473614655952,41.874936243063,32.1085734907069,9.76636275235611,23.3226928291121,1
1.1,-28.1871678844379,-22.1954592060805,5.99170867835731,21.2568666100908,28.4875271301307,21.672672984863,6.81485414526777,23.9222383681728,1
1.3,-18.5831948110679,-15.980002238827,2.60319257224096,14.0083155706388,19.4816105070715,15.0891321588465,4.392478348225,22.5467927645438,1
1.5,-13.3782399235097,-11.7392759527367,1.63896397077303,12.2509685888714,13.2023107028189,11.0219076457931,2.18040305702576,16.5153139181932,1
1.7,-10.9619136254692,-9.25914423965219,1.70276938581698,15.5335048605084,9.50696164505663,7.70220098067714,1.80476066437949,18.9835694279666,1
1.9,-8.5342554860318,-7.44074399687241,1.09351148915941,12.8132031077483,7.00757824421293,5.85668422582711,1.15089401838581,16.4235628669041,1
2.1,-6.82637752840987,-6.0362061360157,0.790171392394169,11.5752665173535,5.37703075760238,4.33037379692654,1.04665696067585,19.4653333384047,1
2.3,-5.42563567649302,-5.03727358825774,0.388362088235272,7.15790943940228,3.99047944647984,3.37789612574375,0.612583320736091,15.3511208102193,1
2.5,-4.44684187216062,-4.32121425746473,0.125627614695888,2.82509741311867,2.89751530773693,2.56674341531426,0.330771892422672,11.4157081945157,1
2.7,-3.9924213126238,-3.67744302963366,0.314978282990144,7.8894049080993,2.18109311264849,1.95803760683745,0.223055505811044,10.2267759463138,1
2.9,-3.46385941999724,-3.28550398179379,0.178355438203448,5.14903801158277,1.72164358392919,1.4289341318293,0.292709452099894,17.0017450087934,1
3.1,-3.06973700021262,-2.8831445497474,0.186592450465226,6.07845070937027,1.27718107641923,1.04555638506117,0.23162469135807,18.1356187963155,1
3.3,-2.67783304443475,-2.5834390888351,0.0943939555996622,3.52501272608604,0.904498452752184,0.753099521289632,0.151398931462548,16.7384400716082,1
3.5,-2.45677994198546,-2.37288542615487,0.0838945158305933,3.41481605238088,0.630172917029464,0.509277423105327,0.120895493924142,19.1844953435993,1
3.7,-2.24290434894312,-2.20300229341501,0.039902055528114,1.77903509558561,0.383442784140819,0.285366141442129,0.0980766426986823,25.5779080361214,1
