Condition,Distance_cm,Vmean_mV,Vstd_sweeps_mV,Bmean_mT,Bstd_sweeps_mT,Noise_sigma_mV,InsideVL
North,0.1,59.5799681622798,0.662892835073693,-53.0140010612573,0.0220964278357937,1.67812605558622,0
North,0.3,63.88345989108,0.976263347774426,-52.870551336964,0.0325421115924804,1.55694189267905,0
North,0.5,69.1520243425046,1.74747972011093,-52.6949325219165,0.058249324003703,1.51974406499396,0
North,0.7,73.4704405294918,2.0658680392173,-52.5509853156836,0.0688622679739078,1.52460760269251,0
North,0.9,396.140458553793,116.369832487863,-41.7953180482069,3.87899441626209,4.05572856913973,1
North,1.1,804.384963466865,17.6802942109437,-28.1871678844378,0.58934314036479,4.63749331284157,1
North,1.3,1092.50415566796,24.5767269474265,-18.5831948110679,0.819224231580885,4.53939840681021,1
North,1.5,1248.65280229471,12.0879727489945,-13.3782399235097,0.402932424966482,4.50748941582896,1
North,1.7,1321.14259123593,10.805984672322,-10.9619136254692,0.3601994890774,4.512795272709,1
North,1.9,1393.97233541905,5.80884892780439,-8.53425548603181,0.193628297593479,4.36827809994126,1
North,2.1,1445.2086741477,3.66526094997228,-6.82637752840987,0.122175364999076,4.42375722792947,1
North,2.3,1487.23092970521,3.06785803003267,-5.42563567649302,0.102261934334422,4.47028954755493,1
North,2.5,1516.59474383518,8.26964927237351,-4.44684187216062,0.275654975745784,4.4929369392414,1
North,2.7,1530.22736062129,2.25216619340657,-3.9924213126238,0.0750722064468858,4.5140530008049,1
North,2.9,1546.08421740008,1.80074989266652,-3.46385941999724,0.0600249964222174,4.43816623818453,1
North,3.1,1557.90788999362,3.48025932600482,-3.06973700021263,0.11600864420016,4.51746961168978,1
North,3.3,1569.66500866696,0.427303610992526,-2.67783304443476,0.0142434536997509,4.50373486510012,1
North,3.5,1576.29660174044,0.951286295446707,-2.45677994198547,0.031709543181557,4.5247542868469,1
North,3.7,1582.71286953171,0.452663735160976,-2.24290434894313,0.0150887911720325,4.49793044706165,1
North_Sh,0.1,63.784849511898,0.69790848374129,-52.8738383496034,0.0232636161247086,1.52718730267739,0
North_Sh,0.3,67.1352948340306,0.992359369466533,-52.7621568388656,0.0330786456488865,1.52257187713712,0
North_Sh,0.5,71.9934554334556,1.51155360375469,-52.6002181522181,0.050385120125156,1.52341544283709,0
North_Sh,0.7,241.880715545477,50.5595339052599,-46.9373094818174,1.685317796842,2.72424441666242,1
North_Sh,0.9,682.614280258863,34.9652231366862,-32.2461906580379,1.16550743788954,4.59973656660354,1
North_Sh,1.1,984.136223817584,58.1216312865176,-22.1954592060805,1.93738770955059,4.60945491851383,1
North_Sh,1.3,1170.59993283519,38.7717833897462,-15.9800022388269,1.29239277965821,4.51288360164713,1
North_Sh,1.5,1297.8217214179,12.6807890653369,-11.7392759527367,0.422692968844564,4.4793007011397,1
North_Sh,1.7,1372.22567281043,13.3675426511008,-9.25914423965218,0.445584755036692,4.47546523482521,1
North_Sh,1.9,1426.77768009383,12.2234223559514,-7.4407439968724,0.407447411865046,4.4416254837978,1
North_Sh,2.1,1468.91381591953,8.05423392080076,-6.0362061360157,0.268474464026692,4.50710710853241,1
North_Sh,2.3,1498.88179235227,1.89865784990293,-5.03727358825774,0.0632885949967639,4.45729576547265,1
North_Sh,2.5,1520.36357227606,3.07537192644768,-4.32121425746473,0.102512397548256,4.54927254117747,1
North_Sh,2.7,1539.67670911099,2.0834582141862,-3.67744302963366,0.06944860713954,4.47044442549191,1
North_Sh,2.9,1551.43488054619,1.78885615201071,-3.28550398179379,0.0596285384003569,4.50543711159535,1
North_Sh,3.1,1563.50566350758,1.44970738092352,-2.8831445497474,0.0483235793641173,4.50394874934601,1
North_Sh,3.3,1572.49682733495,1.08940661752321,-2.5834390888351,0.0363135539174403,4.5239479059303,1
North_Sh,3.5,1578.81343721535,0.583143500705164,-2.37288542615487,0.0194381166901723,4.5088955330079,1
North_Sh,3.7,1583.90993119755,0.760327178455731,-2.20300229341501,0.0253442392818578,4.48962878278781,1
South,0.1,3258.41229528864,0.290679241165172,53.6137431762878,0.00968930803884076,1.42348614531275,0
South,0.3,3258.5634645426,0.277522524851067,53.61878215142,0.00925075082836809,1.40235490122927,0
South,0.5,3258.9902723026,0.163080911396117,53.6330090767532,0.00543603037987097,1.42505452702987,0
South,0.7,3258.5722735819,0.145940406868648,53.6190757860632,0.00486468022895475,1.41355883406185,0
South,0.9,2906.24808729189,71.5339987759338,41.874936243063,2.38446662586446,3.35170469782314,1
South,1.1,2504.62581390392,33.3599289427837,28.4875271301307,1.11199763142613,4.17057566427396,1
South,1.3,2234.44831521214,4.42484012592517,19.4816105070715,0.147494670864172,4.23767221001582,1
South,1.5,2046.06932108457,3.59810002168977,13.2023107028189,0.119936667389659,4.25929943428824,1
South,1.7,1935.2088493517,17.6743250546094,9.50696164505663,0.589144168486982,4.28756477763926,1
South,1.9,1860.22734732639,11.393805913061,7.00757824421293,0.379793530435365,4.30814763043067,1
South,2.1,1811.31092272807,2.51446085761598,5.37703075760238,0.0838153619205326,4.29732925453213,1
South,2.3,1769.7143833944,5.35369687538563,3.99047944647984,0.178456562512854,4.35132613067869,1
South,2.5,1736.92545923211,6.14262178086882,2.89751530773693,0.204754059362294,4.34215167363706,1
South,2.7,1715.43279337945,6.22817190849496,2.18109311264849,0.207605730283165,4.35755630979878,1
South,2.9,1701.64930751788,0.990281656387274,1.72164358392919,0.0330093885462424,4.33635509975947,1
South,3.1,1688.31543229258,1.49038393774876,1.27718107641923,0.0496794645916254,4.36044724206907,1
South,3.3,1677.13495358257,2.94857914686649,0.904498452752182,0.0982859715622163,4.37055515905603,1
South,3.5,1668.90518751088,1.2920054177958,0.630172917029472,0.04306684725986,4.38285286113387,1
South,3.7,1661.50328352422,0.193360745771283,0.383442784140819,0.00644535819237611,4.36106259328223,1
South_Sh,0.1,3258.30635316027,0.751924998179352,53.6102117720091,0.0250641666059782,1.34705322347723,0
South_Sh,0.3,3258.43022036183,0.747212379086088,53.6143406787276,0.0249070793028708,1.35066848726973,0
South_Sh,0.5,3258.27382708315,0.492845040558332,53.6091275694384,0.016428168018613,1.35937307648258,0
South_Sh,0.7,3135.8177159137,46.123044639967,49.5272571971235,1.53743482133223,2.63055313626638,0
South_Sh,0.9,2613.25720472121,33.3627061120136,32.1085734907069,1.11209020373379,4.04041330998363,1
South_Sh,1.1,2300.18018954589,34.3244828933371,21.6726729848629,1.1441494297779,4.06712479450048,1
South_Sh,1.3,2102.67396476539,20.266293985497,15.0891321588465,0.675543132849899,4.12448428346063,1
South_Sh,1.5,1980.65722937379,9.88242551998777,11.0219076457931,0.329414183999592,4.16286547502341,1
South_Sh,1.7,1881.06602942031,12.5633084238109,7.70220098067714,0.418776947460365,4.20031680902938,1
South_Sh,1.9,1825.70052677481,8.24138432307158,5.85668422582712,0.274712810769053,4.20708811413399,1
South_Sh,2.1,1779.9112139078,6.9380591057152,4.33037379692653,0.231268636857173,4.22066585079484,1
South_Sh,2.3,1751.33688377231,2.15136828637346,3.37789612574375,0.0717122762124487,4.27670140204246,1
South_Sh,2.5,1727.00230245943,4.46013250572663,2.56674341531426,0.148671083524221,4.26555987282337,1
South_Sh,2.7,1708.74112820512,2.43363856214129,1.95803760683745,0.0811212854047098,4.27349787455383,1
South_Sh,2.9,1692.86802395488,2.92788398458525,1.4289341318293,0.0975961328195084,4.27655056623205,1
South_Sh,3.1,1681.36669155183,2.04238494092468,1.04555638506116,0.0680794980308225,4.26212319306189,1
South_Sh,3.3,1672.59298563869,1.38450114193612,0.753099521289634,0.0461500380645375,4.30161731443392,1
South_Sh,3.5,1665.27832269316,1.67655286649644,0.50927742310533,0.0558850955498814,4.26686425718461,1
South_Sh,3.7,1658.56098424326,1.76149442792998,0.285366141442137,0.0587164809309994,4.2631679725436,1
